Site_Code,Collect Date (local),Precipitation (inches),E = Estimate; W = Warning; P = Provisional; S = Snow Or Ice
COB_RG05,10/1/2025,0.330,P,
COB_RG05,10/2/2025,0.000,P,
COB_RG05,10/3/2025,0.000,P,
COB_RG05,10/4/2025,0.000,P,
COB_RG05,10/5/2025,0.000,P,
COB_RG05,10/6/2025,0.000,P,
COB_RG05,10/7/2025,0.000,P,
COB_RG05,10/8/2025,0.000,P,
COB_RG05,10/9/2025,0.010,P,
COB_RG05,10/10/2025,0.000,P,
COB_RG05,10/11/2025,0.120,P,
COB_RG05,10/12/2025,0.940,P,
COB_RG05,10/13/2025,0.000,P,
COB_RG05,10/14/2025,0.000,P,
COB_RG05,10/15/2025,0.000,P,
COB_RG05,10/16/2025,0.000,P,
COB_RG05,10/17/2025,0.090,P,
COB_RG05,10/18/2025,0.300,P,
COB_RG05,10/19/2025,0.320,P,
COB_RG05,10/20/2025,0.020,P,
COB_RG05,10/21/2025,0.000,P,
COB_RG05,10/22/2025,0.000,P,
COB_RG05,10/23/2025,0.000,P,
COB_RG05,10/24/2025,0.840,P,
COB_RG05,10/25/2025,0.350,P,
COB_RG05,10/26/2025,0.490,P,
COB_RG05,10/27/2025,0.000,P,
COB_RG05,10/28/2025,0.220,P,
COB_RG05,10/29/2025,0.010,P,
COB_RG05,10/30/2025,0.000,P,
COB_RG05,10/31/2025,0.600,P,
COB_RG05,11/1/2025,0.850,P,
COB_RG05,11/2/2025,0.000,P,
COB_RG05,11/3/2025,0.050,P,
COB_RG05,11/4/2025,0.010,P,
COB_RG05,11/5/2025,0.700,P,
COB_RG05,11/6/2025,0.820,P,
COB_RG05,11/7/2025,0.000,P,
COB_RG05,11/8/2025,0.000,P,
COB_RG05,11/9/2025,0.000,P,
COB_RG05,11/10/2025,0.030,P,
COB_RG05,11/11/2025,0.000,P,
COB_RG05,11/12/2025,0.070,P,
COB_RG05,11/13/2025,0.490,P,
COB_RG05,11/14/2025,1.250,P,
COB_RG05,11/15/2025,0.080,P,
COB_RG05,11/16/2025,0.040,P,
COB_RG05,11/17/2025,0.370,P,
COB_RG05,11/18/2025,0.010,P,
COB_RG05,11/19/2025,0.000,P,
COB_RG05,11/20/2025,0.030,P,
COB_RG05,11/21/2025,0.000,P,
COB_RG05,11/22/2025,0.000,P,
COB_RG05,11/23/2025,0.330,P,
COB_RG05,11/24/2025,0.120,P,
COB_RG05,11/25/2025,0.180,P,
COB_RG05,11/26/2025,0.050,P,
COB_RG05,11/27/2025,0.310,P,
COB_RG05,11/28/2025,0.020,P,
COB_RG05,11/29/2025,0.000,P,
COB_RG05,11/30/2025,0.000,P,
COB_RG05,12/1/2025,0.020,P,
COB_RG05,12/2/2025,0.060,P,
COB_RG05,12/3/2025,0.000,P,
COB_RG05,12/4/2025,0.430,P,
COB_RG05,12/5/2025,0.070,P,
COB_RG05,12/6/2025,0.000,P,
COB_RG05,12/7/2025,0.270,P,
COB_RG05,12/8/2025,1.160,P,
COB_RG05,12/9/2025,0.450,P,
COB_RG05,12/10/2025,0.750,P,
COB_RG05,12/11/2025,0.570,P,
COB_RG05,12/12/2025,0.050,P,
COB_RG05,12/13/2025,0.000,P,
COB_RG05,12/14/2025,0.030,P,
COB_RG05,12/15/2025,0.750,P,
COB_RG05,12/16/2025,1.050,P,
COB_RG05,12/17/2025,0.220,P,
COB_RG05,12/18/2025,0.190,P,
COB_RG05,12/19/2025,0.080,P,
COB_RG05,12/20/2025,0.340,P,
COB_RG05,12/21/2025,0.290,P,
COB_RG05,12/22/2025,0.290,P,
COB_RG05,12/23/2025,0.020,P,
COB_RG05,12/24/2025,0.120,P,
COB_RG05,12/25/2025,0.300,P,
COB_RG05,12/26/2025,0.020,P,
COB_RG05,12/27/2025,0.010,P,
COB_RG05,12/28/2025,0.000,P,
COB_RG05,12/29/2025,0.000,P,
COB_RG05,12/30/2025,0.000,P,
COB_RG05,12/31/2025,0.000,P,
COB_RG05,1/1/2026,0.080,P,
COB_RG05,1/2/2026,0.250,P,
COB_RG05,1/3/2026,0.550,P,
COB_RG05,1/4/2026,0.560,P,
COB_RG05,1/5/2026,0.560,P,
COB_RG05,1/6/2026,0.280,P,
COB_RG05,1/7/2026,0.170,P,
COB_RG05,1/8/2026,0.030,P,
COB_RG05,1/9/2026,0.000,P,
COB_RG05,1/10/2026,0.150,P,
COB_RG05,1/11/2026,0.390,P,
COB_RG05,1/12/2026,0.120,P,
COB_RG05,1/13/2026,0.000,P,
COB_RG05,1/14/2026,0.000,P,
COB_RG05,1/15/2026,0.000,P,
COB_RG05,1/16/2026,0.000,P,
COB_RG05,1/17/2026,0.000,P,
COB_RG05,1/18/2026,0.000,P,
COB_RG05,1/19/2026,0.000,P,
COB_RG05,1/20/2026,0.000,P,
COB_RG05,1/21/2026,0.000,P,
COB_RG05,1/22/2026,0.000,P,
COB_RG05,1/23/2026,0.000,P,
COB_RG05,1/24/2026,0.000,P,
COB_RG05,1/25/2026,0.000,P,
COB_RG05,1/26/2026,0.000,P,
COB_RG05,1/27/2026,0.070,P,
COB_RG05,1/28/2026,0.060,P,
COB_RG05,1/29/2026,0.300,P,
COB_RG05,1/30/2026,0.250,P,
COB_RG05,1/31/2026,0.080,P,
COB_RG05,2/1/2026,0.550,P,
COB_RG05,2/2/2026,0.100,P,
COB_RG05,2/3/2026,0.000,P,
COB_RG05,2/4/2026,0.000,P,
COB_RG05,2/5/2026,0.000,P,
COB_RG05,2/6/2026,0.000,P,
COB_RG05,2/7/2026,0.480,P,
COB_RG05,2/8/2026,0.000,P,
COB_RG05,2/9/2026,0.070,P,
COB_RG05,2/10/2026,0.000,P,
COB_RG05,2/11/2026,0.000,P,
COB_RG05,2/12/2026,0.000,P,
COB_RG05,2/13/2026,0.290,P,
COB_RG05,2/14/2026,0.000,P,
COB_RG05,2/15/2026,0.000,P,
COB_RG05,2/16/2026,0.060,P,
COB_RG05,2/17/2026,0.040,P,
COB_RG05,2/18/2026,0.140,P,
COB_RG05,2/19/2026,0.010,P,
COB_RG05,2/20/2026,0.000,P,
COB_RG05,2/21/2026,0.170,P,
COB_RG05,2/22/2026,0.450,P,
COB_RG05,2/23/2026,0.280,P,
COB_RG05,2/24/2026,0.000,P,
COB_RG05,2/25/2026,0.000,P,
COB_RG05,2/26/2026,0.000,P,
COB_RG05,2/27/2026,0.000,P,
COB_RG05,2/28/2026,0.000,P,
COB_RG05,3/1/2026,0.000,P,
COB_RG05,3/2/2026,0.000,P,
COB_RG05,3/3/2026,0.030,P,
COB_RG05,3/4/2026,0.760,P,
COB_RG05,3/5/2026,0.110,P,
COB_RG05,3/6/2026,0.440,P,
COB_RG05,3/7/2026,0.020,P,
COB_RG05,3/8/2026,0.390,P,
COB_RG05,3/9/2026,0.000,P,
COB_RG05,3/10/2026,0.000,P,
COB_RG05,3/11/2026,0.560,P,
COB_RG05,3/12/2026,0.250,P,
COB_RG05,3/13/2026,0.980,P,
COB_RG05,3/14/2026,0.170,P,
COB_RG05,3/15/2026,0.050,P,
COB_RG05,3/16/2026,0.050,P,
COB_RG05,3/17/2026,0.410,P,
COB_RG05,3/18/2026,0.320,P,
COB_RG05,3/19/2026,0.480,P,
COB_RG05,3/20/2026,0.220,P,
COB_RG05,3/21/2026,0.000,P,
COB_RG05,3/22/2026,0.000,P,
COB_RG05,3/23/2026,0.000,P,
COB_RG05,3/24/2026,0.920,P,
COB_RG05,3/25/2026,0.010,P,
COB_RG05,3/26/2026,0.000,P,
COB_RG05,3/27/2026,0.000,P,
COB_RG05,3/28/2026,0.000,P,
COB_RG05,3/29/2026,0.210,P,
COB_RG05,3/30/2026,0.000,P,
COB_RG05,3/31/2026,0.000,P,
COB_RG05,4/1/2026,0.830,P,
COB_RG05,4/2/2026,0.020,P,
COB_RG05,4/3/2026,0.000,P,
COB_RG05,4/4/2026,0.000,P,
COB_RG05,4/5/2026,0.000,P,
COB_RG05,4/6/2026,0.000,P,
COB_RG05,4/7/2026,0.000,P,
COB_RG05,4/8/2026,0.000,P,
COB_RG05,4/9/2026,0.000,P,
COB_RG05,4/10/2026,0.000,P,
COB_RG05,4/11/2026,0.020,P,
COB_RG05,4/12/2026,0.070,P,
COB_RG05,4/13/2026,0.010,P,
COB_RG05,4/14/2026,0.890,P,
COB_RG05,4/15/2026,0.410,P,
COB_RG05,4/16/2026,0.050,P,
COB_RG05,4/17/2026,0.000,P,
COB_RG05,4/18/2026,0.000,P,
COB_RG05,4/19/2026,0.000,P,
COB_RG05,4/20/2026,0.000,P,
COB_RG05,4/21/2026,0.010,P,
COB_RG05,4/22/2026,0.710,P,
COB_RG05,4/23/2026,0.000,P,
COB_RG05,4/24/2026,0.000,P,
COB_RG05,4/25/2026,0.000,P,
COB_RG05,4/26/2026,0.000,P,
COB_RG05,4/27/2026,0.000,P,
COB_RG05,4/28/2026,0.030,P,
COB_RG05,4/29/2026,0.000,P,
COB_RG05,4/30/2026,0.000,P,
COB_RG05,5/1/2026,0.000,P,
COB_RG05,5/2/2026,0.000,P,
COB_RG05,5/3/2026,0.000,P,
COB_RG05,5/4/2026,0.000,P,
COB_RG05,5/5/2026,0.000,P,
COB_RG05,5/6/2026,0.000,P,
COB_RG05,5/7/2026,0.000,P,
COB_RG05,5/8/2026,0.000,P,
COB_RG05,5/9/2026,0.000,P,
COB_RG05,5/10/2026,0.000,P,
COB_RG05,5/11/2026,0.000,P,
COB_RG05,5/12/2026,0.000,P,
COB_RG05,5/13/2026,0.190,P,
COB_RG05,5/14/2026,0.000,P,
COB_RG05,5/15/2026,0.070,P,
COB_RG05,5/16/2026,0.020,P,
COB_RG05,5/17/2026,0.000,P,
COB_RG05,5/18/2026,0.000,P,
COB_RG05,5/19/2026,0.000,P,
COB_RG05,5/20/2026,0.000,P,
COB_RG05,5/21/2026,0.000,P,
COB_RG05,5/22/2026,0.000,P,
COB_RG05,5/23/2026,0.000,P,
COB_RG05,5/24/2026,0.000,P,
COB_RG05,5/25/2026,0.060,P,
COB_RG05,5/26/2026,0.260,P,
COB_RG05,5/27/2026,0.000,P,
COB_RG05,5/28/2026,0.000,P,
COB_RG05,5/29/2026,0.150,P,
COB_RG05,5/30/2026,0.000,P,
COB_RG05,5/31/2026,0.000,P,
COB_RG05,6/1/2026,0.010,P,
COB_RG05,6/2/2026,0.000,P,
COB_RG05,6/3/2026,0.000,P,
COB_RG05,6/4/2026,0.000,P,
COB_RG05,6/5/2026,0.030,P,
COB_RG05,6/6/2026,0.100,P,
COB_RG05,6/7/2026,0.000,P,
COB_RG05,6/8/2026,0.440,P,
COB_RG05,6/9/2026,0.550,P,
COB_RG05,6/10/2026,0.000,P,
COB_RG05,6/11/2026,0.000,P,
COB_RG05,6/12/2026,0.000,P,
COB_RG05,6/13/2026,0.000,P,
COB_RG05,6/14/2026,0.000,P,
COB_RG05,6/15/2026,0.000,P,
COB_RG05,6/16/2026,0.000,P,
COB_RG05,6/17/2026,0.000,P,
COB_RG05,6/18/2026,0.000,P,
COB_RG05,6/19/2026,0.000,P,
COB_RG05,6/20/2026,0.000,P,
COB_RG05,6/21/2026,0.000,P,
COB_RG05,6/22/2026,0.000,P,
COB_RG05,6/23/2026,0.000,P,
COB_RG05,6/24/2026,0.000,P,
COB_RG05,6/25/2026,0.000,P,
COB_RG05,6/26/2026,0.050,P,
COB_RG05,6/27/2026,0.000,P,
COB_RG05,6/28/2026,0.000,P,
COB_RG05,6/29/2026,0.000,P,
COB_RG05,6/30/2026,0.000,P,
COB_RG05,7/1/2026,0.000,P,
COB_RG05,7/2/2026,0.010,P,
COB_RG05,7/3/2026,0.000,P,
COB_RG05,7/4/2026,0.000,P,
COB_RG05,7/5/2026,0.000,P,
COB_RG05,7/6/2026,0.000,P,
COB_RG05,7/7/2026,0.000,P,
COB_RG05,7/8/2026,0.000,P,
COB_RG05,7/9/2026,0.000,P,
COB_RG05,7/10/2026,0.000,P,
COB_RG05,7/11/2026,0.000,P,
COB_RG05,7/12/2026,0.000,P,
COB_RG05,7/13/2026,0.000,P,
COB_RG05,7/14/2026,0.000,P,
COB_RG05,7/15/2026,0.000,P,
COB_RG05,7/16/2026,0.230,P,
COB_RG05,7/17/2026,0.000,P,
COB_RG05,7/18/2026,0.000,P,
COB_RG05,7/19/2026,0.000,P,
COB_RG05,7/20/2026,0.000,P,
COB_RG05,7/21/2026,0.000,P,
COB_RG05,7/22/2026,0.010,P,
COB_RG05,7/23/2026,0.000,P,
COB_RG05,7/24/2026,0.000,P,
COB_RG05,7/25/2026,0.000,P,
COB_RG05,7/26/2026,0.000,P,
COB_RG05,7/27/2026,0.000,P,
COB_RG05,7/28/2026,0.000,P,
COB_RG05,7/29/2026,0.000,P,
COB_RG05,7/30/2026,0.000,P,
COB_RG05,7/31/2026,0.000,P,
COB_RG05,8/1/2026,0.000,P,
COB_RG05,8/2/2026,0.000,P,
COB_RG05,8/3/2026,0.000,P,
COB_RG05,8/4/2026,0.000,P,
COB_RG05,8/5/2026,0.000,P,
COB_RG05,8/6/2026,0.000,P,
COB_RG05,8/7/2026,0.000,P,
COB_RG05,8/8/2026,0.000,P,
COB_RG05,8/9/2026,0.000,P,
COB_RG05,8/10/2026,0.000,P,
COB_RG05,8/11/2026,0.000,P,
COB_RG05,8/12/2026,0.000,P,
COB_RG05,8/13/2026,0.000,P,
COB_RG05,8/14/2026,0.000,P,
COB_RG05,8/15/2026,0.000,P,
COB_RG05,8/16/2026,0.000,P,
COB_RG05,8/17/2026,0.000,P,
COB_RG05,8/18/2026,0.000,P,
COB_RG05,8/19/2026,0.000,P,
COB_RG05,8/20/2026,0.000,P,
COB_RG05,8/21/2026,0.000,P,
COB_RG05,8/22/2026,0.010,P,
COB_RG05,8/23/2026,0.000,P,
COB_RG05,8/24/2026,0.000,P,
COB_RG05,8/25/2026,0.000,P,
COB_RG05,8/26/2026,0.000,P,
COB_RG05,8/27/2026,0.000,P,
COB_RG05,8/28/2026,0.000,P,
COB_RG05,8/29/2026,0.240,P,
COB_RG05,8/30/2026,0.010,P,
COB_RG05,8/31/2026,0.000,P,
COB_RG05,9/1/2026,0.000,P,
COB_RG05,9/2/2026,0.000,P,
COB_RG05,9/3/2026,0.000,P,
COB_RG05,9/4/2026,0.010,P,
COB_RG05,9/5/2026,0.000,P,
COB_RG05,9/6/2026,0.000,P,
COB_RG05,9/7/2026,0.000,P,
COB_RG05,9/8/2026,0.000,P,
COB_RG05,9/9/2026,0.000,P,
COB_RG05,9/10/2026,0.000,P,
COB_RG05,9/11/2026,0.000,P,
COB_RG05,9/12/2026,0.050,P,
COB_RG05,9/13/2026,0.610,P,
COB_RG05,9/14/2026,0.000,P,
COB_RG05,9/15/2026,0.010,P,
COB_RG05,9/16/2026,0.000,P,
COB_RG05,9/17/2026,0.000,P,
COB_RG05,9/18/2026,0.000,P,
COB_RG05,9/19/2026,0.000,P,
COB_RG05,9/20/2026,0.000,P,
COB_RG05,9/21/2026,0.000,P,
COB_RG05,9/22/2026,0.000,P,
COB_RG05,9/23/2026,0.000,P,
COB_RG05,9/24/2026,0.160,P,
COB_RG05,9/25/2026,0.950,P,
COB_RG05,9/26/2026,0.010,P,
COB_RG05,9/27/2026,0.000,P,
COB_RG05,9/28/2026,0.000,P,
COB_RG05,9/29/2026,0.050,P,
COB_RG05,9/30/2026,0.000,P,
