Site_Code,Collect Date (local),Stage (ft),Discharge (cfs),E = Estimate; W = Warning; P = Provisional
COB_MCF,10/1/2025,1.29,16.22,P
COB_MCF,10/2/2025,1.14,10.18,P
COB_MCF,10/3/2025,0.99,5.68,P
COB_MCF,10/4/2025,0.96,4.72,P
COB_MCF,10/5/2025,0.98,5.13,P
COB_MCF,10/6/2025,0.96,4.63,P
COB_MCF,10/7/2025,0.94,3.93,P
COB_MCF,10/8/2025,0.93,3.67,P
COB_MCF,10/9/2025,0.92,3.44,P
COB_MCF,10/10/2025,0.93,3.80,P
COB_MCF,10/11/2025,0.96,4.54,P
COB_MCF,10/12/2025,1.17,12.16,P
COB_MCF,10/13/2025,1.58,29.04,P
COB_MCF,10/14/2025,1.08,8.21,P
COB_MCF,10/15/2025,0.99,5.42,P
COB_MCF,10/16/2025,0.96,4.55,P
COB_MCF,10/17/2025,1.05,7.35,P
COB_MCF,10/18/2025,1.03,6.71,P
COB_MCF,10/19/2025,1.53,25.98,P
COB_MCF,10/20/2025,1.36,18.42,P
COB_MCF,10/21/2025,1.08,8.15,P
COB_MCF,10/22/2025,1.02,6.29,P
COB_MCF,10/23/2025,0.99,5.61,P
COB_MCF,10/24/2025,1.36,23.72,P
COB_MCF,10/25/2025,1.84,42.24,P
COB_MCF,10/26/2025,1.90,43.59,P
COB_MCF,10/27/2025,1.75,37.06,P
COB_MCF,10/28/2025,1.24,13.59,P
COB_MCF,10/29/2025,1.51,24.50,P
COB_MCF,10/30/2025,1.18,11.24,P
COB_MCF,10/31/2025,1.22,13.44,P
COB_MCF,11/1/2025,2.66,101.74,P
COB_MCF,11/2/2025,1.70,33.48,P
COB_MCF,11/3/2025,1.30,15.83,P
COB_MCF,11/4/2025,1.23,13.11,P
COB_MCF,11/5/2025,1.51,25.79,P
COB_MCF,11/6/2025,2.35,73.83,P
COB_MCF,11/7/2025,1.94,48.87,P
COB_MCF,11/8/2025,1.35,17.52,P
COB_MCF,11/9/2025,1.22,12.77,P
COB_MCF,11/10/2025,1.17,10.93,P
COB_MCF,11/11/2025,1.13,9.81,P
COB_MCF,11/12/2025,1.11,9.03,P
COB_MCF,11/13/2025,1.61,31.13,P
COB_MCF,11/14/2025,2.64,108.60,P
COB_MCF,11/15/2025,2.04,53.60,P
COB_MCF,11/16/2025,1.54,25.71,P
COB_MCF,11/17/2025,1.75,36.22,P
COB_MCF,11/18/2025,1.56,26.84,P
COB_MCF,11/19/2025,1.27,14.65,P
COB_MCF,11/20/2025,1.19,11.94,P
COB_MCF,11/21/2025,1.14,9.98,P
COB_MCF,11/22/2025,1.10,8.79,P
COB_MCF,11/23/2025,1.48,24.88,P
COB_MCF,11/24/2025,1.56,26.33,P
COB_MCF,11/25/2025,1.28,14.91,P
COB_MCF,11/26/2025,1.51,25.56,P
COB_MCF,11/27/2025,1.31,19.36,
COB_MCF,11/28/2025,1.56,30.49,
COB_MCF,11/29/2025,1.23,16.05,
COB_MCF,11/30/2025,1.15,13.22,
COB_MCF,12/1/2025,1.11,11.92,
COB_MCF,12/2/2025,1.13,12.46,
COB_MCF,12/3/2025,1.09,11.14,
COB_MCF,12/4/2025,1.45,27.95,
COB_MCF,12/5/2025,1.62,32.89,
COB_MCF,12/6/2025,1.25,16.74,
COB_MCF,12/7/2025,1.41,24.49,
COB_MCF,12/8/2025,1.56,30.87,
COB_MCF,12/9/2025,3.22,170.70,
COB_MCF,12/10/2025,2.72,113.91,
COB_MCF,12/11/2025,2.94,133.68,
COB_MCF,12/12/2025,2.08,59.41,
COB_MCF,12/13/2025,1.66,34.86,
COB_MCF,12/14/2025,1.45,24.85,
COB_MCF,12/15/2025,2.25,79.68,
COB_MCF,12/16/2025,2.11,66.55,
COB_MCF,12/17/2025,3.05,149.56,
COB_MCF,12/18/2025,2.05,57.74,
COB_MCF,12/19/2025,1.67,35.84,
COB_MCF,12/20/2025,1.63,33.70,
COB_MCF,12/21/2025,1.77,41.46,
COB_MCF,12/22/2025,1.78,42.58,
COB_MCF,12/23/2025,1.82,44.83,
COB_MCF,12/24/2025,1.50,27.85,
COB_MCF,12/25/2025,1.57,32.53,
COB_MCF,12/26/2025,1.62,33.51,
COB_MCF,12/27/2025,1.38,22.41,
COB_MCF,12/28/2025,1.23,16.48,
COB_MCF,12/29/2025,1.18,14.63,
COB_MCF,12/30/2025,1.15,13.68,
COB_MCF,12/31/2025,1.13,12.71,
COB_MCF,1/1/2026,1.12,12.29,
COB_MCF,1/2/2026,1.43,24.79,
COB_MCF,1/3/2026,1.78,44.35,
COB_MCF,1/4/2026,2.14,66.67,
COB_MCF,1/5/2026,2.51,96.40,
COB_MCF,1/6/2026,2.03,56.44,
COB_MCF,1/7/2026,1.82,43.36,
COB_MCF,1/8/2026,1.54,29.51,
COB_MCF,1/9/2026,1.38,22.43,
COB_MCF,1/10/2026,1.26,17.65,
COB_MCF,1/11/2026,1.72,38.93,
COB_MCF,1/12/2026,1.82,43.34,
COB_MCF,1/13/2026,1.44,24.89,
COB_MCF,1/14/2026,1.27,18.19,
COB_MCF,1/15/2026,1.21,15.55,
COB_MCF,1/16/2026,1.16,13.93,
COB_MCF,1/17/2026,1.12,12.53,
COB_MCF,1/18/2026,1.09,11.48,
COB_MCF,1/19/2026,1.07,10.84,
COB_MCF,1/20/2026,1.06,10.41,
COB_MCF,1/21/2026,1.05,9.92,
COB_MCF,1/22/2026,1.04,9.75,
COB_MCF,1/23/2026,1.03,9.52,
COB_MCF,1/24/2026,1.08,11.20,
COB_MCF,1/25/2026,1.05,10.57,
COB_MCF,1/26/2026,1.02,9.47,
COB_MCF,1/27/2026,1.02,9.34,
COB_MCF,1/28/2026,1.06,10.86,
COB_MCF,1/29/2026,1.24,17.34,
COB_MCF,1/30/2026,1.55,31.04,
COB_MCF,1/31/2026,1.39,23.39,
COB_MCF,2/1/2026,1.77,45.63,
COB_MCF,2/2/2026,1.63,34.27,
COB_MCF,2/3/2026,1.33,20.77,
COB_MCF,2/4/2026,1.20,15.57,
COB_MCF,2/5/2026,1.14,13.42,
COB_MCF,2/6/2026,1.11,12.37,
COB_MCF,2/7/2026,1.32,21.98,
COB_MCF,2/8/2026,1.44,25.59,
COB_MCF,2/9/2026,1.23,16.83,
COB_MCF,2/10/2026,1.15,13.72,
COB_MCF,2/11/2026,1.11,12.56,
COB_MCF,2/12/2026,1.11,12.33,
COB_MCF,2/13/2026,1.12,12.96,
COB_MCF,2/14/2026,1.34,21.60,
COB_MCF,2/15/2026,1.13,13.26,
COB_MCF,2/16/2026,1.12,13.32,
COB_MCF,2/17/2026,1.13,13.34,
COB_MCF,2/18/2026,1.21,16.39,
COB_MCF,2/19/2026,1.25,18.07,
COB_MCF,2/20/2026,1.11,12.76,
COB_MCF,2/21/2026,1.11,12.97,
COB_MCF,2/22/2026,1.34,21.96,
COB_MCF,2/23/2026,1.89,50.96,
COB_MCF,2/24/2026,1.40,24.62,
COB_MCF,2/25/2026,1.25,18.57,
COB_MCF,2/26/2026,1.16,14.94,
COB_MCF,2/27/2026,1.12,13.39,
COB_MCF,2/28/2026,1.09,12.43,
COB_MCF,3/1/2026,1.08,12.42,
COB_MCF,3/2/2026,1.07,12.18,
COB_MCF,3/3/2026,1.09,12.70,
COB_MCF,3/4/2026,1.57,35.93,
COB_MCF,3/5/2026,1.81,46.50,
COB_MCF,3/6/2026,1.57,32.88,
COB_MCF,3/7/2026,1.78,44.27,
COB_MCF,3/8/2026,1.71,43.52,
COB_MCF,3/9/2026,1.65,37.47,
COB_MCF,3/10/2026,1.38,24.26,
COB_MCF,3/11/2026,1.54,33.92,
COB_MCF,3/12/2026,1.69,39.07,
COB_MCF,3/13/2026,2.39,89.11,
COB_MCF,3/14/2026,2.49,94.66,
COB_MCF,3/15/2026,1.95,54.02,
COB_MCF,3/16/2026,1.77,42.61,
COB_MCF,3/17/2026,1.78,43.38,
COB_MCF,3/18/2026,2.26,76.43,
COB_MCF,3/19/2026,2.40,88.99,
COB_MCF,3/20/2026,2.23,73.89,
COB_MCF,3/21/2026,1.76,42.33,
COB_MCF,3/22/2026,1.49,28.89,
COB_MCF,3/23/2026,1.35,22.85,
COB_MCF,3/24/2026,2.14,81.96,
COB_MCF,3/25/2026,1.82,46.00,
COB_MCF,3/26/2026,1.43,25.80,
COB_MCF,3/27/2026,1.28,19.78,
COB_MCF,3/28/2026,1.26,18.64,
COB_MCF,3/29/2026,1.21,16.99,
COB_MCF,3/30/2026,1.30,20.54,
COB_MCF,3/31/2026,1.21,16.70,
COB_MCF,4/1/2026,1.87,53.69,
COB_MCF,4/2/2026,1.81,45.57,
COB_MCF,4/3/2026,1.42,25.34,
COB_MCF,4/4/2026,1.26,18.80,
COB_MCF,4/5/2026,1.19,16.13,
COB_MCF,4/6/2026,1.16,14.97,
COB_MCF,4/7/2026,1.13,13.89,
COB_MCF,4/8/2026,1.12,13.39,
COB_MCF,4/9/2026,1.12,13.59,
COB_MCF,4/10/2026,1.12,13.54,
COB_MCF,4/11/2026,1.12,13.36,
COB_MCF,4/12/2026,1.10,12.84,
COB_MCF,4/13/2026,1.15,14.51,
COB_MCF,4/14/2026,1.28,20.85,
COB_MCF,4/15/2026,2.44,93.38,
COB_MCF,4/16/2026,1.82,45.77,
COB_MCF,4/17/2026,1.37,23.40,
COB_MCF,4/18/2026,1.24,17.85,
COB_MCF,4/19/2026,1.16,14.95,
COB_MCF,4/20/2026,1.13,13.83,
COB_MCF,4/21/2026,1.11,13.08,
COB_MCF,4/22/2026,1.61,36.33,
COB_MCF,4/23/2026,1.39,23.81,
COB_MCF,4/24/2026,1.20,15.91,
COB_MCF,4/25/2026,1.12,13.25,
COB_MCF,4/26/2026,1.08,11.77,
COB_MCF,4/27/2026,1.06,10.96,
COB_MCF,4/28/2026,1.05,10.63,
COB_MCF,4/29/2026,1.03,10.08,
COB_MCF,4/30/2026,1.01,9.53,
COB_MCF,5/1/2026,1.00,9.12,
COB_MCF,5/2/2026,0.97,8.28,
COB_MCF,5/3/2026,0.96,7.73,
COB_MCF,5/4/2026,0.94,7.31,
COB_MCF,5/5/2026,0.93,6.88,
COB_MCF,5/6/2026,0.94,7.13,
COB_MCF,5/7/2026,0.97,8.12,
COB_MCF,5/8/2026,1.00,9.03,
COB_MCF,5/9/2026,1.02,9.79,
COB_MCF,5/10/2026,1.03,10.10,
COB_MCF,5/11/2026,1.03,10.11,
COB_MCF,5/12/2026,1.02,9.76,
COB_MCF,5/13/2026,1.09,12.23,
COB_MCF,5/14/2026,1.11,13.02,
COB_MCF,5/15/2026,1.02,9.69,
COB_MCF,5/16/2026,1.04,10.44,
COB_MCF,5/17/2026,1.02,9.64,
COB_MCF,5/18/2026,1.00,9.11,
COB_MCF,5/19/2026,0.99,8.85,
COB_MCF,5/20/2026,0.96,7.96,
COB_MCF,5/21/2026,0.96,7.51,
COB_MCF,5/22/2026,0.95,7.27,
COB_MCF,5/23/2026,0.94,6.97,
COB_MCF,5/24/2026,0.95,7.20,
COB_MCF,5/25/2026,0.92,6.41,
COB_MCF,5/26/2026,1.10,12.61,
COB_MCF,5/27/2026,1.13,13.36,
COB_MCF,5/28/2026,0.98,8.25,
COB_MCF,5/29/2026,0.95,7.32,
COB_MCF,5/30/2026,1.04,10.15,
COB_MCF,5/31/2026,0.97,7.99,
COB_MCF,6/1/2026,0.98,8.05,
COB_MCF,6/2/2026,0.97,7.78,
COB_MCF,6/3/2026,0.94,7.10,
COB_MCF,6/4/2026,0.92,6.41,
COB_MCF,6/5/2026,0.91,6.24,
COB_MCF,6/6/2026,0.93,6.70,
COB_MCF,6/7/2026,1.09,11.72,
COB_MCF,6/8/2026,1.03,9.76,
COB_MCF,6/9/2026,2.03,63.97,
COB_MCF,6/10/2026,1.27,18.62,
COB_MCF,6/11/2026,1.09,11.50,
COB_MCF,6/12/2026,1.02,9.17,
COB_MCF,6/13/2026,0.98,7.75,
COB_MCF,6/14/2026,0.95,7.07,
COB_MCF,6/15/2026,0.94,6.62,
COB_MCF,6/16/2026,0.89,5.31,
COB_MCF,6/17/2026,0.90,5.63,
COB_MCF,6/18/2026,0.91,5.80,
COB_MCF,6/19/2026,0.90,5.47,
COB_MCF,6/20/2026,0.89,5.36,
COB_MCF,6/21/2026,0.89,5.21,
COB_MCF,6/22/2026,0.88,4.92,
COB_MCF,6/23/2026,0.86,4.20,
COB_MCF,6/24/2026,0.87,4.35,
COB_MCF,6/25/2026,0.88,4.64,
COB_MCF,6/26/2026,0.95,6.65,
COB_MCF,6/27/2026,0.92,5.83,
COB_MCF,6/28/2026,0.95,6.58,
COB_MCF,6/29/2026,0.91,5.59,
COB_MCF,6/30/2026,0.90,5.21,
COB_MCF,7/1/2026,0.90,5.19,
COB_MCF,7/2/2026,0.89,5.10,
COB_MCF,7/3/2026,0.90,5.34,
COB_MCF,7/4/2026,0.90,5.20,
COB_MCF,7/5/2026,0.89,4.77,
COB_MCF,7/6/2026,0.87,4.18,
COB_MCF,7/7/2026,0.86,3.72,
COB_MCF,7/8/2026,0.87,3.92,
COB_MCF,7/9/2026,0.87,4.18,
COB_MCF,7/10/2026,0.92,5.41,
COB_MCF,7/11/2026,0.87,3.93,
COB_MCF,7/12/2026,0.86,3.62,
COB_MCF,7/13/2026,0.87,4.16,
COB_MCF,7/14/2026,0.86,3.67,
COB_MCF,7/15/2026,0.86,3.72,
COB_MCF,7/16/2026,0.97,7.10,
COB_MCF,7/17/2026,1.04,9.06,
COB_MCF,7/18/2026,0.95,6.00,
COB_MCF,7/19/2026,0.92,5.38,
COB_MCF,7/20/2026,0.91,4.99,
COB_MCF,7/21/2026,0.91,4.84,
COB_MCF,7/22/2026,0.89,4.45,
COB_MCF,7/23/2026,0.90,4.55,
COB_MCF,7/24/2026,0.91,4.98,
COB_MCF,7/25/2026,0.93,5.54,
COB_MCF,7/26/2026,0.90,4.72,
COB_MCF,7/27/2026,0.91,4.85,
COB_MCF,7/28/2026,0.90,4.69,
COB_MCF,7/29/2026,0.90,4.56,
COB_MCF,7/30/2026,0.89,4.30,
COB_MCF,7/31/2026,0.88,4.17,
COB_MCF,8/1/2026,0.88,4.13,
COB_MCF,8/2/2026,0.89,4.30,
COB_MCF,8/3/2026,0.90,4.55,P
COB_MCF,8/4/2026,0.89,4.40,P
COB_MCF,8/5/2026,0.89,4.34,P
COB_MCF,8/6/2026,0.91,4.83,P
COB_MCF,8/7/2026,0.92,5.31,P
COB_MCF,8/8/2026,0.90,4.54,P
COB_MCF,8/9/2026,0.89,4.30,P
COB_MCF,8/10/2026,0.90,4.62,P
COB_MCF,8/11/2026,0.90,4.65,P
COB_MCF,8/12/2026,0.90,4.73,P
COB_MCF,8/13/2026,0.90,4.66,P
COB_MCF,8/14/2026,0.90,4.80,P
COB_MCF,8/15/2026,0.91,5.07,P
COB_MCF,8/16/2026,0.92,5.23,P
COB_MCF,8/17/2026,0.91,5.11,P
COB_MCF,8/18/2026,0.90,4.53,P
COB_MCF,8/19/2026,0.91,4.89,P
COB_MCF,8/20/2026,0.93,5.52,P
COB_MCF,8/21/2026,0.95,6.04,P
COB_MCF,8/22/2026,0.91,4.93,P
COB_MCF,8/23/2026,0.91,4.91,P
COB_MCF,8/24/2026,0.91,5.02,P
COB_MCF,8/25/2026,0.91,4.99,P
COB_MCF,8/26/2026,0.91,4.85,P
COB_MCF,8/27/2026,0.92,5.33,P
COB_MCF,8/28/2026,0.92,5.15,P
COB_MCF,8/29/2026,1.45,27.29,P
COB_MCF,8/30/2026,1.33,19.45,P
COB_MCF,8/31/2026,1.07,9.69,P
COB_MCF,9/1/2026,1.02,8.04,P
COB_MCF,9/2/2026,1.03,8.48,P
COB_MCF,9/3/2026,1.13,11.88,P
COB_MCF,9/4/2026,1.05,9.06,P
COB_MCF,9/5/2026,0.97,6.73,P
COB_MCF,9/6/2026,0.96,6.30,P
COB_MCF,9/7/2026,0.95,6.13,P
COB_MCF,9/8/2026,0.95,6.12,P
COB_MCF,9/9/2026,0.95,6.05,P
COB_MCF,9/10/2026,0.94,5.95,P
COB_MCF,9/11/2026,0.96,6.37,P
COB_MCF,9/12/2026,0.98,6.92,P
COB_MCF,9/13/2026,1.54,33.03,P
COB_MCF,9/14/2026,1.27,17.16,P
COB_MCF,9/15/2026,1.08,9.98,P
COB_MCF,9/16/2026,1.02,8.17,P
COB_MCF,9/17/2026,0.99,7.12,P
COB_MCF,9/18/2026,0.99,7.32,P
COB_MCF,9/19/2026,1.01,7.95,P
COB_MCF,9/20/2026,0.97,6.65,P
COB_MCF,9/21/2026,0.96,6.51,P
COB_MCF,9/22/2026,0.96,6.34,P
COB_MCF,9/23/2026,0.96,6.25,P
COB_MCF,9/24/2026,0.96,6.47,P
COB_MCF,9/25/2026,1.76,51.97,P
COB_MCF,9/26/2026,1.75,42.90,P
COB_MCF,9/27/2026,1.17,13.01,P
COB_MCF,9/28/2026,1.09,10.24,P
COB_MCF,9/29/2026,1.07,9.82,P
COB_MCF,9/30/2026,1.12,11.58,P
